FuelOilTypeIDCode,Amount
MGO,160.4
MDOLS,0
LSFO,0
MGOLS,0
HFO,1320.9
MDO,0
MDOLS,0
MGOLS,160.4
MDO,0
HFO,1318.9
MGO,0
LSFO,0
MDO,0
MGOLS,160.4
MDOLS,0
HFO,1313.8
LSFO,0
MGO,0
HFO,1309.3
LSFO,0
MGO,0
MGOLS,160.2
MDOLS,0
MDO,0
MDO,0
MDOLS,0
MGO,0
LSFO,0
HFO,1304.9
MGOLS,160.2
LSFO,0
MDOLS,0
MGO,0
MDO,0
MGOLS,160.2
HFO,1300.4
MGO,0
MGOLS,160.2
LSFO,0
MDO,0
HFO,1295.9
MDOLS,0
MGO,0
MGOLS,160.2
MDO,0
MDOLS,0
HFO,1291.3
LSFO,0
HFO,1284.1
MGOLS,160.2
MGO,0
MDOLS,0
MDO,0
LSFO,0
HFO,1276.3
MGOLS,160.2
MDOLS,0
MDO,0
MGO,0
LSFO,0
LSFO,0
HFO,1275.3
MGO,0
MGOLS,160.2
MDO,0
MDOLS,0
MGO,0
MGOLS,160.2
MDOLS,0
MDO,0
HFO,1248.6
LSFO,0
MGOLS,160.2
MDOLS,0
MGO,0
HFO,1220.6
MDO,0
LSFO,0
LSFO,0
MGO,0
MDO,0
HFO,1192.1
MGOLS,160.2
MDOLS,0
MDOLS,0
HFO,1164.7
MGO,0
MGOLS,160.2
LSFO,0
MDO,0
HFO,1136.4
MGO,0
LSFO,0
MGOLS,160.2
MDO,0
MDOLS,0
HFO,1108.9
MGOLS,160.2
LSFO,0
MDO,0
MDOLS,0
MGO,0
MDO,0
HFO,1080.9
MGO,0
LSFO,0
MGOLS,160.2
MDOLS,0
MGOLS,160.2
MGO,0
MDOLS,0
LSFO,0
HFO,1053.4
MDO,0
MDOLS,0
MGOLS,160.2
HFO,1024.6
MGO,0
MDO,0
LSFO,0
MDOLS,0
MGOLS,160.2
MGO,0
LSFO,0
MDO,0
HFO,996.5
LSFO,0
MGO,0
MDO,0
MGOLS,160.2
HFO,971.2
MDOLS,0
LSFO,0
MGO,0
MGOLS,160.2
MDOLS,0
MDO,0
HFO,969.8
MGO,0
MDO,0
MDOLS,0
MGOLS,160.2
HFO,966.6
LSFO,0
MDOLS,0
HFO,961.3
MDO,0
LSFO,0
MGOLS,160.2
MGO,0
MDOLS,0
MGOLS,160.2
MDO,0
MGO,0
LSFO,0
HFO,959.9
MDOLS,0
LSFO,0
MGOLS,160.2
MGO,0
HFO,958.6
MDO,0
HFO,949.1
MGO,0
MGOLS,160.2
MDOLS,0
LSFO,0
MDO,0
MDO,0
HFO,923.3
MDOLS,0
LSFO,0
MGOLS,160.2
MGO,0
MDOLS,0
HFO,911.2
MGOLS,160.2
LSFO,0
MGO,0
MDO,0
MGOLS,160.2
MDOLS,0
HFO,910.8
MGO,0
MDO,0
LSFO,0
MDO,0
LSFO,0
MGO,0
HFO,909.4
MGOLS,160.2
MDOLS,0
MGO,0
LSFO,0
HFO,903.9
MGOLS,160.2
MDO,0
MDOLS,0
MGO,0
LSFO,0
MGOLS,160.2
HFO,890.4
MDO,0
MDOLS,0
MDOLS,0
HFO,889.1
MGOLS,160.2
MDO,0
LSFO,0
MGO,0
MDO,0
HFO,885.9
MGO,0
MGOLS,160
LSFO,0
MDOLS,0
MGO,0
MDO,0
LSFO,0
MDOLS,0
MGOLS,160
HFO,882.6
MGOLS,159.7
MDO,0
HFO,879.4
MGO,0
MDOLS,0
LSFO,0
HFO,874
MGOLS,159.7
MDOLS,0
MGO,0
MDO,0
LSFO,0
MGOLS,154
MGO,0
HFO,874
LSFO,0
MDO,0
MDOLS,0
MGOLS,154
MGO,0
LSFO,0
HFO,861.7
MDO,0
MDOLS,0
MGO,0
MGOLS,154
LSFO,0
MDO,0
HFO,856.9
MDOLS,0
MGO,0
HFO,830.4
MGOLS,154
MDOLS,0
LSFO,0
MDO,0
MDOLS,0
LSFO,0
MDO,0
MGOLS,154
MGO,0
HFO,802.2
LSFO,0
MGOLS,154
HFO,772.5
MDOLS,0
MDO,0
MGO,0
MGOLS,154
MDO,0
LSFO,0
MGO,0
HFO,744
MDOLS,0
MDOLS,0
MGOLS,154
MGO,0
MDO,0
LSFO,0
HFO,726.2
MGO,0
LSFO,0
MDO,0
HFO,725.7
MGOLS,154
MDOLS,0
MDOLS,0
MGO,0
LSFO,0
MGOLS,154
MDO,0
HFO,724.9
MDO,0
MGOLS,154
MDOLS,0
MGO,0
HFO,724.1
LSFO,0
HFO,721.1
MDOLS,0
MDO,0
LSFO,0
MGO,0
MGOLS,154
MGOLS,154
HFO,717.4
MDOLS,0
MGO,0
MDO,0
LSFO,0
MDOLS,0
MGOLS,154
HFO,716.8
MGO,0
LSFO,0
MDO,0
MGOLS,154
MDO,0
MDOLS,0
HFO,708.6
LSFO,0
MGO,0
MGO,0
LSFO,0
MDO,0
HFO,708
MGOLS,154
MDOLS,0
MDOLS,0
MGOLS,154
HFO,1856.7
MDO,0
LSFO,0
MGO,0
MDOLS,0
MGOLS,154
LSFO,0
MDO,0
HFO,1855.4
MGO,0
LSFO,0
MGO,0
MDO,0
MGOLS,154
MDOLS,0
HFO,1830.7
MDOLS,0
MDO,0
MGOLS,154
MGO,0
LSFO,0
HFO,1799.8
MGOLS,154
LSFO,0
HFO,1770.4
MGO,0
MDO,0
MDOLS,0
MGO,0
LSFO,0
MGOLS,154
MDOLS,0
MDO,0
HFO,1741.6
HFO,1710.9
MGOLS,154
MGO,0
MDOLS,0
MDO,0
LSFO,0
MDO,0
MGO,0
HFO,1686.3
LSFO,0
MDOLS,0
MGOLS,154
MDOLS,0
LSFO,0
MDO,0
MGOLS,154
HFO,1657
MGO,0
MDOLS,0
MGO,0
LSFO,0
HFO,1639.5
MDO,0
MGOLS,154
HFO,1637.8
LSFO,0
MGOLS,154
MGO,0
MDO,0
MDOLS,0
HFO,1636.7
MGO,0
LSFO,0
MGOLS,154
MDOLS,0
MDO,0
MDOLS,0
MGO,0
LSFO,0
MGOLS,154
MDO,0
HFO,1632.6
MDO,0
MDOLS,0
MGOLS,154
MGO,0
LSFO,0
HFO,1629.1
HFO,1625.3
MDOLS,0
MGOLS,154
MDO,0
MGO,0
LSFO,0
MGOLS,154
LSFO,0
MDOLS,0
MDO,0
HFO,1621.3
MGO,0
MGO,0
HFO,1617.3
MDO,0
MDOLS,0
LSFO,0
MGOLS,154
MDO,0
MDOLS,0
LSFO,0
MGOLS,154
HFO,1613.6
MGO,0
MDOLS,0
MGOLS,154
LSFO,0
MDO,0
HFO,1612.3
MGO,0
LSFO,0
MDOLS,0
MGO,0
MGOLS,154
MDO,0
HFO,1607.3
HFO,1606.4
MGO,0
MGOLS,154
LSFO,0
MDO,0
MDOLS,0
MDO,0
MGOLS,154
MDOLS,0
HFO,1599.8
MGO,0
LSFO,0
MDOLS,0
MGOLS,154
MDO,0
MGO,0
LSFO,0
HFO,1599.3
MDO,0
MDOLS,0
MGO,0
LSFO,0
MGOLS,154
HFO,1597.6
MGOLS,154
MGO,0
LSFO,0
MDOLS,0
MDO,0
HFO,1593.5
MDOLS,0
MDO,0
LSFO,0
MGOLS,153.8
MGO,0
HFO,1589.5
MDOLS,0
MDO,0
MGOLS,153.8
HFO,1586.1
MGO,0
LSFO,0
MDOLS,0
MGO,0
MDO,0
LSFO,0
MGOLS,153.8
HFO,1585.4
HFO,1576.9
MDO,0
MGOLS,153.8
MGO,0
LSFO,0
MDOLS,0
MDOLS,0
MGO,0
HFO,1576.5
MDO,0
LSFO,0
MGOLS,153.8
MDOLS,0
MGOLS,153.8
HFO,1573.5
MGO,0
LSFO,0
MDO,0
MGO,0
MGOLS,153.8
MDO,0
LSFO,0
HFO,1544.5
MDOLS,0
MGOLS,153.8
HFO,1515
LSFO,0
MDOLS,0
MGO,0
MDO,0
MGO,0
LSFO,0
HFO,1486
MDOLS,0
MGOLS,153.8
MDO,0
MGO,0
MDO,0
HFO,1456.2
MDOLS,0
LSFO,0
MGOLS,153.8
MGO,0
MGOLS,153.8
LSFO,0
HFO,1427.9
MDOLS,0
MDO,0
MDOLS,0
MGO,0
LSFO,0
MDO,0
HFO,1398
MGOLS,153.8
HFO,1368.6
MDOLS,0
MGO,0
MDO,0
MGOLS,153.8
LSFO,0
MGO,0
HFO,1339.3
MGOLS,153.8
LSFO,0
MDOLS,0
MDO,0
MDOLS,0
MGO,0
MDO,0
HFO,1309.3
LSFO,0
MGOLS,153.8
MDO,0
HFO,1279.3
MGO,0
MDOLS,0
LSFO,0
MGOLS,153.8
MGO,0
MDO,0
HFO,1249.3
MGOLS,153.8
LSFO,0
MDOLS,0
MGOLS,153.8
MDOLS,0
LSFO,0
HFO,1241.3
MGO,0
MDO,0
HFO,1229.3
MGO,0
MGOLS,153.8
MDO,0
LSFO,0
MDOLS,0
MDO,0
MDOLS,0
HFO,1228.4
LSFO,0
MGOLS,153.8
MGO,0
MDOLS,0
HFO,1224.9
MGOLS,153.6
MDO,0
LSFO,0
MGO,0
LSFO,0
MGO,0
MGOLS,153.6
MDO,0
HFO,1221.3
MDOLS,0
MGOLS,153.6
MDO,0
MDOLS,0
HFO,1217.6
MGO,0
LSFO,0
HFO,1213.8
MDOLS,0
MDO,0
MGOLS,153.6
MGO,0
LSFO,0
HFO,1209.7
MDOLS,0
MGO,0
MDO,0
LSFO,0
MGOLS,153.6
MGO,0
LSFO,0
MDO,0
MDOLS,0
MGOLS,153.6
HFO,1205.7
MGOLS,153.6
HFO,1201.8
MGO,0
LSFO,0
MDOLS,0
MDO,0
MDO,0
MGO,0
MGOLS,153.6
LSFO,0
MDOLS,0
HFO,1197.9
HFO,1194.2
MDO,0
MGOLS,153.4
MGO,0
LSFO,0
MDOLS,0
MDOLS,0
LSFO,0
HFO,1190.5
MDO,0
MGOLS,153.4
MGO,0
MDOLS,0
MGOLS,153.4
LSFO,0
MDO,0
HFO,1186.8
MGO,0
LSFO,0
MDO,0
MGO,0
MDOLS,0
HFO,1185.2
MGOLS,153.4
MDO,0
MGOLS,153.4
HFO,1184.2
MGO,0
MDOLS,0
LSFO,0
HFO,1177.9
MDOLS,0
MGO,0
MGOLS,153.4
LSFO,0
MDO,0
HFO,1174.9
MDOLS,0
MDO,0
MGOLS,153.4
LSFO,0
MGO,0
MGOLS,153.4
LSFO,0
HFO,1171.1
MDO,0
MDOLS,0
MGO,0
LSFO,0
MDOLS,0
MGO,0
MGOLS,153.4
HFO,1169.9
MDO,0
MDOLS,0
MDO,0
HFO,1157.4
MGO,0
MGOLS,153.4
LSFO,0
HFO,1151.6
MGO,0
LSFO,0
MDO,0
MDOLS,0
MGOLS,153.4
MGOLS,153.4
HFO,1122.1
MDOLS,0
MGO,0
LSFO,0
MDO,0
MGO,0
MDO,0
LSFO,0
MDOLS,0
HFO,1092
MGOLS,153.4
HFO,1061.6
MGOLS,153.4
LSFO,0
MDO,0
MGO,0
MDOLS,0
MDOLS,0
MGOLS,153.4
MDO,0
HFO,1032.8
MGO,0
LSFO,0
MGO,0
MGOLS,153.4
LSFO,0
MDOLS,0
MDO,0
HFO,1002.4
LSFO,0
MDO,0
HFO,972.6
MGOLS,153.4
MDOLS,0
MGO,0
LSFO,0
MDOLS,0
MGOLS,153.4
MDO,0
MGO,0
HFO,942.6
LSFO,0
MDOLS,0
MDO,0
HFO,912.8
MGOLS,153.4
MGO,0
MGO,0
MDOLS,0
MGOLS,153.4
MDO,0
LSFO,0
HFO,883
MDO,0
MDOLS,0
MGO,0
MGOLS,153.4
HFO,853.2
LSFO,0
HFO,824
MDO,0
LSFO,0
MDOLS,0
MGOLS,153.4
MGO,0
MDO,0
MDOLS,0
HFO,794.3
MGOLS,153.4
MGO,0
LSFO,0
MDOLS,0
MDO,0
LSFO,0
HFO,764.5
MGOLS,153.4
MGO,0
MGOLS,153.4
HFO,734.9
LSFO,0
MDO,0
MDOLS,0
MGO,0
MGOLS,153.4
MGO,0
MDO,0
HFO,723.7
LSFO,0
MDOLS,0
LSFO,0
MGOLS,153.4
MDO,0
MGO,0
HFO,721
MDOLS,0
HFO,710.3
MGO,0
MDO,0
MDOLS,0
MGOLS,150.1
LSFO,0
MGOLS,150.1
HFO,706.3
MDO,0
MDOLS,0
MGO,0
LSFO,0
MDOLS,0
LSFO,0
MGOLS,150.1
MDO,0
HFO,685.8
MGO,0
MGOLS,150.1
MDOLS,0
HFO,661.3
MDO,0
MGO,0
LSFO,0
MGOLS,150.1
MGO,0
MDO,0
LSFO,0
HFO,646
MDOLS,0
HFO,641.8
MGO,0
MDOLS,0
MDO,0
LSFO,0
MGOLS,151.2
MGO,0
MDO,0
MGOLS,151.2
HFO,638.2
LSFO,0
MDOLS,0
MGOLS,151.2
LSFO,0
HFO,634.8
MDOLS,0
MGO,0
MDO,0
MDO,0
MDOLS,0
LSFO,0
MGOLS,151.2
HFO,631.1
MGO,0
MGO,0
HFO,626.8
MGOLS,151.2
MDOLS,0
MDO,0
LSFO,0
MGO,0
MDOLS,0
LSFO,0
MGOLS,151.2
HFO,618.1
MDO,0
MDO,0
MGO,0
HFO,613.8
MDOLS,0
MGOLS,151.2
LSFO,0
MDO,0
MGO,0
LSFO,0
HFO,604.8
MDOLS,0
MGOLS,151.2
MDOLS,0
HFO,597.3
MGOLS,151.2
MDO,0
LSFO,0
MGO,0
MDO,0
MGOLS,151.2
HFO,587.8
MDOLS,0
MGO,0
LSFO,0
MDOLS,0
HFO,583
MDO,0
LSFO,0
MGOLS,151.2
MGO,0
LSFO,0
MGOLS,151.2
MDOLS,0
HFO,576.7
MDO,0
MGO,0
MDO,0
LSFO,0
HFO,570.9
MGOLS,151.2
MDOLS,0
MGO,0
MGO,0
MGOLS,151.2
MDO,0
MDOLS,0
HFO,566.1
LSFO,0
LSFO,0
MDOLS,0
MGOLS,151.2
MDO,0
MGO,0
HFO,560.7
LSFO,0
HFO,557.3
MDOLS,0
MGO,0
MDO,0
MGOLS,151.2
MDO,0
LSFO,0
HFO,552.8
MGOLS,151.2
MGO,0
MDOLS,0
MGO,0
MGOLS,151.2
MDOLS,0
LSFO,0
MDO,0
HFO,549.5
MDOLS,0
MDO,0
MGOLS,151.2
LSFO,0
MGO,0
HFO,545.2
LSFO,0
MDO,0
HFO,539
MDOLS,0
MGOLS,151.2
MGO,0
MDO,0
MGOLS,151.2
MDOLS,0
HFO,533.9
MGO,0
LSFO,0
MDOLS,0
MDO,0
MGO,0
MGOLS,151.2
HFO,2005.3
LSFO,0
LSFO,0
HFO,2004.4
MDOLS,0
MGOLS,151.2
MGO,0
MDO,0
MDO,0
HFO,1980.9
LSFO,0
MGO,0
MDOLS,0
MGOLS,151.2
LSFO,0
MGO,0
MDO,0
HFO,1951.4
MGOLS,151.2
MDOLS,0
LSFO,0
MDOLS,0
MGO,0
MGOLS,151.2
MDO,0
HFO,1921.4
MDO,0
MGOLS,151.2
HFO,1891.9
LSFO,0
MDOLS,0
MGO,0
MDO,0
HFO,1862.4
LSFO,0
MGOLS,151.2
MGO,0
MDOLS,0
MGOLS,151.2
LSFO,0
MGO,0
MDO,0
HFO,1832
MDOLS,0
MDO,0
MGOLS,151.2
HFO,1802.6
MGO,0
MDOLS,0
LSFO,0
LSFO,0
MDOLS,0
MDO,0
HFO,1773
MGO,0
MGOLS,151.2
MGO,0
MDO,0
MGOLS,151.2
MDOLS,0
HFO,1743.4
LSFO,0
LSFO,0
HFO,1714.1
MGOLS,151.2
MDO,0
MGO,0
MDOLS,0
LSFO,0
MGOLS,151.2
HFO,1685.1
MDO,0
MGO,0
MDOLS,0
LSFO,0
MDO,0
MGO,0
MGOLS,151.2
HFO,1666.9
MDOLS,0
MGOLS,151.2
MDO,0
HFO,1666.1
MDOLS,0
MGO,0
LSFO,0
LSFO,0
HFO,1662.8
MGO,0
MDOLS,0
MGOLS,151.2
MDO,0
MDOLS,0
HFO,1659.5
MGOLS,151.2
MGO,0
LSFO,0
MDO,0
MDO,0
LSFO,0
HFO,1656.2
MGOLS,151.2
MGO,0
MDOLS,0
MGOLS,151.2
MDOLS,0
MGO,0
MDO,0
LSFO,0
HFO,1652.9
MGOLS,151.2
MGO,0
MDOLS,0
HFO,1649.5
LSFO,0
MDO,0
LSFO,0
MDO,0
MGO,0
HFO,1646.1
MDOLS,0
MGOLS,151.2
LSFO,0
MGO,0
MGOLS,151.2
MDO,0
MDOLS,0
HFO,1645.4
MGO,0
MDO,0
HFO,1644.7
MGOLS,151.2
MDOLS,0
LSFO,0
MDOLS,0
MDO,0
LSFO,0
MGO,0
HFO,1633.5
MGOLS,151.2
MGOLS,151.2
HFO,1633
MGO,0
MDO,0
MDOLS,0
LSFO,0
HFO,1622.2
MGOLS,151.2
MDO,0
MGO,0
MDOLS,0
LSFO,0
MDOLS,0
HFO,1593.4
LSFO,0
MGOLS,151.2
MGO,0
MDO,0
MGO,0
MDOLS,0
MGOLS,151.2
LSFO,0
HFO,1564.5
MDO,0
LSFO,0
MDO,0
MGOLS,151.2
MGO,0
MDOLS,0
HFO,1532.9
MGO,0
MDO,0
HFO,1505.5
MGOLS,151.2
MDOLS,0
LSFO,0
HFO,1475.6
MDO,0
LSFO,0
MDOLS,0
MGOLS,151.2
MGO,0
MDOLS,0
LSFO,0
MGOLS,151.2
MDO,0
MGO,0
HFO,1459.4
HFO,1458.4
LSFO,0
MDO,0
MDOLS,0
MGO,0
MGOLS,151.2
MGOLS,151.2
MGO,0
MDO,0
LSFO,0
MDOLS,0
HFO,1457.3
MGO,0
MGOLS,151.2
MDO,0
LSFO,0
HFO,1455.9
MDOLS,0
MDO,0
MDOLS,0
MGOLS,151.2
MGO,0
LSFO,0
HFO,1454.5
MGO,0
HFO,1450
MGOLS,151.2
MDO,0
MDOLS,0
LSFO,0
MGOLS,151.2
LSFO,0
MDOLS,0
MDO,0
HFO,1447
MGO,0
MGOLS,151.2
HFO,1425
MDO,0
MGO,0
LSFO,0
MDOLS,0
MGO,0
MGOLS,151.2
MDO,0
LSFO,0
MDOLS,0
HFO,1395.2
LSFO,0
MDOLS,0
HFO,1365.9
MGOLS,151.2
MDO,0
MGO,0
MGOLS,151.2
MGO,0
MDOLS,0
HFO,1337
LSFO,0
MDO,0
LSFO,0
MDO,0
MGO,0
HFO,1308
MDOLS,0
MGOLS,151.2
MDOLS,0
HFO,1279.4
MDO,0
MGO,0
MGOLS,151.2
LSFO,0
MDO,0
MGO,0
MDOLS,0
LSFO,0
HFO,1248.4
MGOLS,151.2
MGO,0
MGOLS,151.2
MDOLS,0
MDO,0
LSFO,0
HFO,1219.9
MGOLS,151.2
MDO,0
LSFO,0
MDOLS,0
MGO,0
HFO,1187.8
LSFO,0
MGO,0
MDOLS,0
HFO,1158.6
MDO,0
MGOLS,151.2
MDO,0
HFO,1129.1
MGO,0
MDOLS,0
LSFO,0
MGOLS,151.2
LSFO,0
MDOLS,0
MDO,0
HFO,1099.8
MGOLS,151.2
MGO,0
MGO,0
MGOLS,151.2
LSFO,0
MDOLS,0
MDO,0
HFO,1070.2
MDOLS,0
MDO,0
LSFO,0
HFO,1040.7
MGOLS,151.2
MGO,0
MDO,0
MGO,0
MGOLS,138.3
MDOLS,0
LSFO,0
HFO,1029
MGOLS,126.3
HFO,1034
MDO,0
MGO,0
LSFO,0
MDOLS,0
MGOLS,122
MDOLS,0
LSFO,0
MDO,0
HFO,1034
MGO,0
MDO,0
MGO,0
MDOLS,0
LSFO,0
MGOLS,109.2
HFO,1034
HFO,1034
MDO,0
MDOLS,0
MGOLS,108.1
MGO,0
LSFO,0
HFO,1034
LSFO,0
MGOLS,97.6
MDO,0
MDOLS,0
MGO,0
HFO,1034
LSFO,0
MDOLS,0
MGO,0
MGOLS,93.1
MDO,0
MDOLS,0
MDO,0
MGO,0
LSFO,0
MGOLS,92.7
HFO,1034
MDO,0
LSFO,0
HFO,1284
MDOLS,0
MGOLS,89.8
MGO,0
HFO,1284
MDO,0
LSFO,0
MDOLS,0
MGO,0
MGOLS,236.7
MGOLS,236.1
LSFO,0
MDOLS,0
HFO,1284
MGO,0
MDO,0
MDOLS,0
MGO,0
LSFO,0
MGOLS,223.9
HFO,1274.4
MDO,0
MDO,0
HFO,1242
MGOLS,223.9
MGO,0
MDOLS,0
LSFO,0
HFO,1215.9
MDO,0
LSFO,0
MDOLS,0
MGOLS,223.9
MGO,0
MGO,0
LSFO,0
HFO,1186.3
MDO,0
MDOLS,0
MGOLS,223.9
LSFO,0
MDOLS,0
MDO,0
HFO,1173.1
MGO,0
MGOLS,223.9
MGOLS,223.9
LSFO,0
MGO,0
MDOLS,0
MDO,0
HFO,1160.2
LSFO,0
MDOLS,0
HFO,1132.8
MGO,0
MGOLS,223.9
MDO,0
HFO,1104.2
MGO,0
MDO,0
MDOLS,0
MGOLS,223.9
LSFO,0
MDO,0
MDOLS,0
LSFO,0
HFO,1074
MGO,0
MGOLS,223.9
MDOLS,0
MGOLS,223.9
HFO,1043.9
LSFO,0
MDO,0
MGO,0
MDOLS,0
HFO,1022.2
MGO,0
MGOLS,223.9
MDO,0
LSFO,0
MDOLS,0
MDO,0
LSFO,0
MGOLS,223.8
MGO,0
HFO,992.5
LSFO,0
MDOLS,0
MDO,0
MGOLS,223.8
MGO,0
HFO,964.1
MDO,0
MGOLS,223.8
LSFO,0
MGO,0
MDOLS,0
HFO,937.1
HFO,907.6
MGO,0
MDOLS,0
MGOLS,223.8
MDO,0
LSFO,0
MGO,0
MDO,0
HFO,878.1
LSFO,0
MGOLS,223.8
MDOLS,0
MDOLS,0
MDO,0
MGO,0
LSFO,0
HFO,849.8
MGOLS,223.8
MGOLS,223.7
HFO,820.3
MDO,0
LSFO,0
MGO,0
MDOLS,0
HFO,795.4
MDO,0
MGO,0
MDOLS,0
LSFO,0
MGOLS,220.4
MGOLS,191.9
LSFO,0
HFO,795.4
MDOLS,0
MDO,0
MGO,0
MGOLS,190.8
MDO,0
MDOLS,0
MGO,0
HFO,795.4
LSFO,0
LSFO,0
MGOLS,185.8
MDO,0
MDOLS,0
HFO,795.4
MGO,0
LSFO,0
HFO,795.4
MDOLS,0
MGO,0
MGOLS,176.8
MDO,0
HFO,795.4
MGOLS,174.2
LSFO,0
MDOLS,0
MGO,0
MDO,0
MGO,0
MDO,0
MDOLS,0
MGOLS,163.1
LSFO,0
HFO,795.4
MGO,0
HFO,790.3
LSFO,0
MGOLS,138
MDO,0
MDOLS,0
HFO,760.4
MDO,0
MDOLS,0
LSFO,0
MGO,0
MGOLS,138
MDO,0
MDOLS,0
HFO,730.2
LSFO,0
MGOLS,138
MGO,0
MGOLS,138
MDO,0
MGO,0
MDOLS,0
LSFO,0
HFO,700
MGOLS,138
HFO,669.3
MDOLS,0
MGO,0
LSFO,0
MDO,0
MGOLS,138
MDO,0
MGO,0
MDOLS,0
LSFO,0
HFO,639.8
LSFO,0
HFO,612.3
MDO,0
MDOLS,0
MGO,0
MGOLS,138
MGO,0
MDO,0
HFO,581.1
MDOLS,0
LSFO,0
MGOLS,138
MGO,0
MGOLS,138
HFO,551.1
MDO,0
LSFO,0
MDOLS,0
LSFO,0
MGO,0
MDO,0
HFO,519.6
MGOLS,138
MDOLS,0
LSFO,0
HFO,489.6
MGOLS,138
MDOLS,0
MDO,0
MGO,0
LSFO,0
MDOLS,0
MGOLS,138
MDO,0
HFO,459.9
MGO,0
MDO,0
HFO,430.1
MGOLS,138
LSFO,0
MGO,0
MDOLS,0
MDOLS,0
HFO,399
LSFO,0
MGOLS,138
MDO,0
MGO,0
MDO,0
MGOLS,138
LSFO,0
MGO,0
HFO,369.1
MDOLS,0
MGOLS,138
HFO,339.4
MDOLS,0
MDO,0
MGO,0
LSFO,0
MDO,0
MDOLS,0
MGO,0
MGOLS,138
LSFO,0
HFO,308
MDO,0
HFO,286.4
MDOLS,0
LSFO,0
MGOLS,138
MGO,0
MGOLS,138
MDO,0
HFO,285.1
MDOLS,0
MGO,0
LSFO,0
MDO,0
MGO,0
HFO,279.7
MDOLS,0
MGOLS,138
LSFO,0
MDOLS,0
MDO,0
LSFO,0
HFO,2142.2
MGO,0
MGOLS,143.7
MGO,0
MDOLS,0
MDO,0
LSFO,0
MGOLS,143.7
HFO,2141.5
HFO,2136.5
LSFO,0
MDOLS,0
MGO,0
MDO,0
MGOLS,143.7
LSFO,0
MDO,0
MGOLS,143.7
MDOLS,0
MGO,0
HFO,2107.3
LSFO,0
MGOLS,143.7
MGO,0
MDOLS,0
MDO,0
HFO,2076.3
MDOLS,0
MDO,0
MGO,0
MGOLS,143.7
LSFO,0
HFO,2046.3
MDOLS,0
LSFO,0
MGOLS,143.7
HFO,2015.9
MGO,0
MDO,0
MGO,0
LSFO,0
MDOLS,0
MGOLS,143.7
HFO,1986.6
MDO,0
HFO,1969.7
MDOLS,0
MDO,0
LSFO,0
MGO,0
MGOLS,139.8
MDO,0
HFO,1969.7
LSFO,0
MGOLS,139
MDOLS,0
MGO,0
MDO,0
MDOLS,0
HFO,1986.6
MGOLS,138.5
LSFO,0
MGO,0
MDO,0
MGO,0
LSFO,0
MDOLS,0
HFO,1969.7
MGOLS,135.2
HFO,1959.6
LSFO,0
MDO,0
MDOLS,0
MGOLS,124.4
MGO,0
MDOLS,0
MDO,0
LSFO,0
HFO,1969.7
MGO,0
MGOLS,124
MDOLS,0
LSFO,0
HFO,1959.6
MGOLS,120.1
MGO,0
MDO,0
MGO,0
LSFO,0
MDOLS,0
MGOLS,115.6
HFO,1959.6
MDO,0
MGOLS,100.5
MGO,0
MDOLS,0
MDO,0
HFO,1959.6
LSFO,0
LSFO,0
MDOLS,0
MGOLS,98.1
MGO,0
MDO,0
HFO,1959.6
LSFO,0
HFO,1943.5
MGOLS,87.8
MGO,0
MDO,0
MDOLS,0
MDO,0
MGOLS,87.8
MGO,0
LSFO,0
MDOLS,0
HFO,1914.9
MDOLS,0
MGO,0
HFO,1885.6
MDO,0
MGOLS,87.8
LSFO,0
LSFO,0
HFO,1856.3
MDO,0
MDOLS,0
MGO,0
MGOLS,87.8
HFO,1827.4
MDO,0
MGO,0
LSFO,0
MDOLS,0
MGOLS,87.8
HFO,1799.1
MDOLS,0
MDO,0
MGO,0
MGOLS,87.8
LSFO,0
HFO,1770.1
MGOLS,87.8
MDO,0
MGO,0
MDOLS,0
LSFO,0
MDO,0
LSFO,0
MGO,0
MGOLS,87.8
HFO,1739.9
MDOLS,0
MDO,0
MDOLS,0
MGO,0
LSFO,0
MGOLS,87.8
HFO,1709.9
LSFO,0
MGO,0
MGOLS,87.8
MDO,0
MDOLS,0
HFO,1679.9
HFO,1649.7
MDO,0
MGOLS,87.8
MDOLS,0
MGO,0
LSFO,0
MGO,0
MDO,0
MGOLS,87.8
MDOLS,0
HFO,1620
LSFO,0
LSFO,0
MGOLS,87.8
MDO,0
MGO,0
HFO,1591
MDOLS,0
MGOLS,87.8
MDOLS,0
MGO,0
LSFO,0
HFO,1561.7
MDO,0
HFO,1537.4
MDOLS,0
LSFO,0
MGOLS,90.2
MGO,0
MDO,0
MDO,0
MGOLS,90.2
LSFO,0
HFO,1522.5
MGO,0
MDOLS,0
MDO,0
HFO,1520.1
LSFO,0
MDOLS,0
MGOLS,90.2
MGO,0
MGOLS,90.2
MDO,0
MGO,0
MDOLS,0
HFO,1518.3
LSFO,0
HFO,1514.6
MGO,0
MDOLS,0
MDO,0
LSFO,0
MGOLS,90.2
MDOLS,0
MGOLS,90.2
MDO,0
LSFO,0
MGO,0
HFO,1510.8
HFO,1505
LSFO,0
MDOLS,0
MGO,0
MGOLS,90.2
MDO,0
MDOLS,0
HFO,1499.3
MGO,0
MGOLS,90.2
LSFO,0
MDO,0
MGO,0
LSFO,0
HFO,1498
MDOLS,0
MDO,0
MGOLS,90.2
MGO,0
HFO,1469.2
MDOLS,0
MGOLS,90.2
LSFO,0
MDO,0
MGO,0
HFO,1439
MDOLS,0
LSFO,0
MDO,0
MGOLS,90.2
MDO,0
HFO,1408.8
MGOLS,90.2
LSFO,0
MDOLS,0
MGO,0
MDOLS,0
MDO,0
HFO,1378.6
LSFO,0
MGOLS,90.2
MGO,0
MGOLS,90.2
LSFO,0
MDOLS,0
HFO,1348.4
MDO,0
MGO,0
MGOLS,90.2
MGO,0
MDO,0
LSFO,0
HFO,1316.9
MDOLS,0
MDOLS,0
HFO,1286.8
LSFO,0
MGO,0
MDO,0
MGOLS,90.2
MDOLS,0
HFO,1256.6
MGOLS,90.2
LSFO,0
MGO,0
MDO,0
MDO,0
HFO,1225.4
MGOLS,90.2
MGO,0
LSFO,0
MDOLS,0
MGO,0
MDOLS,0
MGOLS,90.2
LSFO,0
MDO,0
HFO,1195.3
LSFO,0
HFO,1163.8
MGOLS,90.2
MGO,0
MDO,0
MDOLS,0
MGO,0
MDO,0
HFO,1133.6
MDOLS,0
MGOLS,90.2
LSFO,0
HFO,1104.4
LSFO,0
MGOLS,90.2
MDOLS,0
MDO,0
MGO,0
LSFO,0
MDOLS,0
MDO,0
MGO,0
MGOLS,90.2
HFO,1073.7
LSFO,0
MDOLS,0
MGOLS,90.2
MDO,0
MGO,0
HFO,1044.3
LSFO,0
MDO,0
MGO,0
MDOLS,0
HFO,1014.8
MGOLS,90.2
MDO,0
MGO,0
HFO,1001.2
MDOLS,0
LSFO,0
MGOLS,90.2
LSFO,0
HFO,1000.5
MGOLS,90.2
MDOLS,0
MDO,0
MGO,0
HFO,999.9
MDOLS,0
LSFO,0
MDO,0
MGO,0
MGOLS,90.2
MDO,0
MGOLS,90.2
MGO,0
LSFO,0
HFO,997.6
MDOLS,0
HFO,997
MGOLS,90.2
MDOLS,0
MDO,0
MGO,0
LSFO,0
MGOLS,90.2
MDO,0
MGO,0
LSFO,0
HFO,993.6
MDOLS,0
MGO,0
MDO,0
LSFO,0
MDOLS,0
HFO,990
MGOLS,90.2
HFO,986.3
MDOLS,0
LSFO,0
MGO,0
MGOLS,90.2
MDO,0
LSFO,0
MGO,0
HFO,982.6
MDOLS,0
MDO,0
MGOLS,90.2
MDO,0
MGOLS,90.2
LSFO,0
HFO,978.8
MGO,0
MDOLS,0
HFO,0
MDOLS,0
MGOLS,0
MGO,0
MDO,0
LSFO,0
MDOLS,0
MDO,0
HFO,970.8
LSFO,0
MGO,0
MGOLS,90.2
LSFO,0
MDO,0
MGO,0
MGOLS,0
HFO,0
MDOLS,0
MDO,0
LSFO,0
MGO,0
MDOLS,0
MGOLS,92
HFO,994.6
MGO,0
LSFO,0
MDOLS,0
MGOLS,92
MDO,0
HFO,990.6
MGO,0
MDO,0
LSFO,0
MGOLS,92
MDOLS,0
HFO,986.5
LSFO,0
MGOLS,92
MGO,0
MDOLS,0
HFO,982.5
MDO,0
MDOLS,0
MGO,0
MDO,0
HFO,977.8
MGOLS,92
LSFO,0
MDO,0
LSFO,0
MGO,0
HFO,977.8
MGOLS,92
MDOLS,0
MGO,0
MGOLS,92
LSFO,0
HFO,975
MDOLS,0
MDO,0
MDO,0
LSFO,0
MGOLS,92
MDOLS,0
HFO,945.3
MGO,0
MDO,0
LSFO,0
MGO,0
HFO,914.9
MGOLS,92
MDOLS,0
MGOLS,92
MDO,0
MGO,0
HFO,884.5
MDOLS,0
LSFO,0
MGOLS,92
MDOLS,0
HFO,856.1
MGO,0
LSFO,0
MDO,0
MDO,0
MDOLS,0
LSFO,0
MGOLS,92
MGO,0
HFO,842.7
MDO,0
MDOLS,0
MGO,0
HFO,842.2
MGOLS,92
LSFO,0
LSFO,0
MGO,0
MDO,0
MDOLS,0
MGOLS,92
HFO,841
HFO,836.7
MGOLS,92
LSFO,0
MGO,0
MDO,0
MDOLS,0
LSFO,0
MGOLS,0
HFO,0
MDO,0
MGO,0
MDOLS,0
MDO,0
MGO,0
LSFO,0
HFO,832.3
MGOLS,92
MDOLS,0
HFO,831.7
MGO,0
MDOLS,0
MDO,0
LSFO,0
MGOLS,92
HFO,831
MGOLS,92
LSFO,0
MDO,0
MDOLS,0
MGO,0
MGOLS,0
HFO,0
LSFO,0
MDOLS,0
MDO,0
MGO,0
HFO,824.3
MDOLS,0
MGOLS,92
LSFO,0
MGO,0
MDO,0
MGOLS,92
HFO,823.5
MGO,0
LSFO,0
MDO,0
MDOLS,0
MGOLS,0
HFO,0
MDOLS,0
MGO,0
LSFO,0
MDO,0
HFO,820.1
MGOLS,92
MGO,0
MDOLS,0
LSFO,0
MDO,0
MDOLS,0
MGOLS,0
MGO,0
MDO,0
LSFO,0
HFO,0
MGOLS,92
MGO,0
HFO,782.6
LSFO,0
MDO,0
MDOLS,0
HFO,752.4
MGO,0
MDOLS,0
MGOLS,92
MDO,0
LSFO,0
MGOLS,92
LSFO,0
MGO,0
MDOLS,0
MDO,0
HFO,722.1
MDO,0
HFO,692.1
LSFO,0
MGO,0
MGOLS,92
MDOLS,0
HFO,0
MDO,0
MDOLS,0
LSFO,0
MGOLS,0
MGO,0
MDOLS,0
MGO,0
LSFO,0
MDO,0
HFO,685.5
MGOLS,92
MGOLS,92
LSFO,0
MDOLS,0
MGO,0
MDO,0
HFO,1707.7
HFO,1707.3
LSFO,0
MGOLS,92
MDOLS,0
MGO,0
MDO,0
MGOLS,92
HFO,1702.2
MGO,0
MDO,0
LSFO,0
MDOLS,0
HFO,1671.8
LSFO,0
MDOLS,0
MGO,0
MGOLS,92
MDO,0
MGO,0
HFO,1640.3
MDO,0
MGOLS,92
MDOLS,0
LSFO,0
LSFO,0
HFO,1610.1
MDOLS,0
MGO,0
MGOLS,92
MDO,0
MDOLS,0
MGOLS,92
MDO,0
MGO,0
HFO,1579.8
LSFO,0
MGOLS,92
LSFO,0
MDO,0
MDOLS,0
MGO,0
HFO,1549
MGOLS,92
MDOLS,0
MDO,0
MGO,0
LSFO,0
HFO,1517.4
MDOLS,0
MGOLS,92
LSFO,0
HFO,1487.3
MGO,0
MDO,0
MDOLS,0
HFO,1457.1
LSFO,0
MGO,0
MGOLS,92
MDO,0
HFO,1427.1
MDO,0
MGOLS,92
MDOLS,0
MGO,0
LSFO,0
HFO,1411.3
MDO,0
MGOLS,92
MGO,0
LSFO,0
MDOLS,0
LSFO,0
MGO,0
MDOLS,0
MDO,0
MGOLS,92
HFO,1410.8
MGO,0
MDO,0
MDOLS,0
LSFO,0
MGOLS,92
HFO,1409
LSFO,0
MGO,0
HFO,1405.2
MDOLS,0
MGOLS,92
MDO,0
MDO,0
LSFO,0
MGOLS,92
MDOLS,0
MGO,0
HFO,1403.1
LSFO,0
HFO,1402.6
MGOLS,92
MGO,0
MDOLS,0
MDO,0
MDOLS,0
LSFO,0
MDO,0
MGO,0
HFO,1402
MGOLS,92
HFO,1401
LSFO,0
MDO,0
MGOLS,92
MDOLS,0
MGO,0
LSFO,0
MGO,0
MDOLS,0
MDO,0
MGOLS,92
HFO,1398.7
MGOLS,92
MDO,0
LSFO,0
MGO,0
MDOLS,0
HFO,1396.6
MGO,0
MDOLS,0
HFO,1393.1
MDO,0
LSFO,0
MGOLS,92
MGO,0
LSFO,0
MGOLS,92
HFO,1389.3
MDOLS,0
MDO,0
MGOLS,92
MDOLS,0
HFO,1385.9
MDO,0
LSFO,0
MGO,0
MDO,0
MDOLS,0
MGO,0
LSFO,0
MGOLS,92
HFO,1383
LSFO,0
MDOLS,0
MDO,0
MGO,0
MGOLS,92
HFO,1352.6
MGO,0
LSFO,0
MDO,0
MDOLS,0
MGOLS,92
HFO,1322.3
MDO,0
HFO,1292.1
MDOLS,0
MGOLS,92
LSFO,0
MGO,0
MDOLS,0
HFO,1288.9
MGO,0
MGOLS,92
MDO,0
LSFO,0
MDO,0
MGO,0
HFO,1288.5
MDOLS,0
LSFO,0
MGOLS,92
LSFO,0
HFO,1285.5
MGOLS,92
MDO,0
MDOLS,0
MGO,0
LSFO,0
MDOLS,0
MGOLS,92
HFO,1285.3
MGO,0
MDO,0
HFO,1284.5
LSFO,0
MGOLS,92
MDOLS,0
MDO,0
MGO,0
MGO,0
HFO,1279.7
MDOLS,0
LSFO,0
MDO,0
MGOLS,92
MGO,0
MDO,0
HFO,1274.3
MGOLS,92
LSFO,0
MDOLS,0
MDO,0
HFO,1273.7
MGOLS,92
LSFO,0
MGO,0
MDOLS,0
LSFO,0
MDO,0
MGO,0
HFO,1272.2
MGOLS,92
MDOLS,0
MDOLS,0
MGOLS,92
LSFO,0
MGO,0
HFO,1270.6
MDO,0
MDO,0
LSFO,0
MGOLS,92
HFO,1270
MDOLS,0
MGO,0
MDO,0
MDOLS,0
MGO,0
MGOLS,92
HFO,1259.2
LSFO,0
MGO,0
MDOLS,0
MGOLS,92
MDO,0
HFO,1228.8
LSFO,0
MGOLS,92
MDO,0
LSFO,0
MGO,0
HFO,1199.4
MDOLS,0
LSFO,0
MDOLS,0
MDO,0
MGO,0
HFO,1169.2
MGOLS,92
MDOLS,0
HFO,1139
MDO,0
MGOLS,92
LSFO,0
MGO,0
LSFO,0
MDOLS,0
MDO,0
MGOLS,92
MGO,0
HFO,1108.8
HFO,1078.6
MDO,0
MGO,0
LSFO,0
MGOLS,92
MDOLS,0
LSFO,0
MGO,0
MDOLS,0
MGOLS,92
HFO,1049.2
MDO,0
MGOLS,92
MGO,0
LSFO,0
HFO,1019.2
MDO,0
MDOLS,0
MGOLS,92
LSFO,0
HFO,1018.6
MGO,0
MDOLS,0
MDO,0
MGOLS,92
HFO,1018
MDO,0
MGO,0
LSFO,0
MDOLS,0
MDOLS,0
MGO,0
LSFO,0
MDO,0
HFO,1014.3
MGOLS,92
HFO,1010.7
LSFO,0
MGOLS,92
MDO,0
MDOLS,0
MGO,0
MGOLS,92
MDOLS,0
MGO,0
MDO,0
LSFO,0
HFO,1007.2
MGOLS,92
MDOLS,0
HFO,1005.5
MGO,0
LSFO,0
MDO,0
HFO,1001.8
LSFO,0
MGOLS,92
MDO,0
MGO,0
MDOLS,0
MDOLS,0
LSFO,0
MDO,0
MGO,0
HFO,997.9
MGOLS,92
LSFO,0
HFO,994.1
MGOLS,92
MDO,0
MDOLS,0
MGO,0
MGO,0
HFO,993.4
MDOLS,0
LSFO,0
MDO,0
MGOLS,92
HFO,992.7
MDO,0
LSFO,0
MGOLS,92
MGO,0
MDOLS,0
LSFO,0
MGO,0
MDO,0
MGOLS,0
HFO,0
MDOLS,0
LSFO,0
MGO,0
HFO,1608.5
MDOLS,0
MGOLS,92
MDO,0
MDOLS,0
MGO,0
LSFO,0
HFO,1578.5
MGOLS,92
MDO,0
MGO,0
HFO,1548.4
MDOLS,0
MGOLS,92
LSFO,0
MDO,0
MGOLS,92
LSFO,0
MDOLS,0
MGO,0
MDO,0
HFO,1518.3
LSFO,0
MDOLS,0
MGOLS,92
MGO,0
MDO,0
HFO,1487.7
MDO,0
MGO,0
MDOLS,0
HFO,1457.9
LSFO,0
MGOLS,92
MDOLS,0
MGOLS,92
MDO,0
HFO,1427.6
MGO,0
LSFO,0
MDO,0
MGO,0
MDOLS,0
LSFO,0
HFO,1397.6
MGOLS,92
MDO,0
MDOLS,0
LSFO,0
MGO,0
HFO,1367.3
MGOLS,92
MDO,0
MDOLS,0
MGOLS,92
LSFO,0
MGO,0
HFO,1337.1
MGOLS,92
LSFO,0
HFO,1306.8
MDO,0
MDOLS,0
MGO,0
MGO,0
MGOLS,92
MDOLS,0
HFO,1275
LSFO,0
MDO,0
MDO,0
HFO,1244.7
LSFO,0
MGO,0
MGOLS,92
MDOLS,0
MDO,0
MGOLS,92
LSFO,0
MDOLS,0
HFO,1236.6
MGO,0
MGOLS,92
HFO,1231.9
MDO,0
MDOLS,0
LSFO,0
MGO,0
LSFO,0
MDOLS,0
MDO,0
MGOLS,92
MGO,0
HFO,1229.6
MDO,0
HFO,1224.1
LSFO,0
MDOLS,0
MGO,0
MGOLS,92
MDO,0
MGO,0
LSFO,0
MGOLS,92
HFO,1221.7
MDOLS,0
MGOLS,92
MDO,0
MDOLS,0
MGO,0
LSFO,0
HFO,1216.2
MGO,0
MGOLS,92
MDOLS,0
HFO,1210.2
MDO,0
LSFO,0
MGO,0
MDOLS,0
LSFO,0
HFO,1193.2
MGOLS,92
MDO,0
MGOLS,92
MDO,0
LSFO,0
MGO,0
HFO,1191.4
MDOLS,0
MDOLS,0
MGOLS,92
MGO,0
LSFO,0
MDO,0
HFO,1191.4
LSFO,0
MDOLS,0
MGO,0
MGOLS,92
HFO,1187.6
MDO,0
MGO,0
MDO,0
LSFO,0
MDOLS,0
HFO,1184
MGOLS,92
LSFO,0
MDO,0
MDOLS,0
MGO,0
HFO,1180.2
MGOLS,92
LSFO,0
MDO,0
HFO,1176.5
MGOLS,92
MDOLS,0
MGO,0
MGO,0
MDO,0
MGOLS,92
MDOLS,0
HFO,1172.8
LSFO,0
MGO,0
MGOLS,92
HFO,1169.1
MDOLS,0
MDO,0
LSFO,0
LSFO,0
MGO,0
HFO,1162
MDOLS,0
MGOLS,92
MDO,0
MDOLS,0
MGO,0
MDO,0
HFO,1158.3
MGOLS,92
LSFO,0
MGO,0
LSFO,0
MGOLS,92
MDO,0
MDOLS,0
HFO,1155.1
MGO,0
HFO,1153.4
MDO,0
MDOLS,0
LSFO,0
MGOLS,92
LSFO,0
MDO,0
HFO,1151.6
MGOLS,92
MDOLS,0
MGO,0
MGOLS,92
LSFO,0
MDO,0
MGO,0
HFO,1152.5
MDOLS,0
MGOLS,92
MGO,0
MDOLS,0
LSFO,0
HFO,1137.3
MDO,0
MGOLS,92
HFO,1108.4
LSFO,0
MDO,0
MGO,0
MDOLS,0
MGO,0
MGOLS,92
MDOLS,0
HFO,1079.8
LSFO,0
MDO,0
MGO,0
MDOLS,0
HFO,1049.6
MGOLS,92
MDO,0
LSFO,0
MGO,0
MDOLS,0
LSFO,0
MGOLS,92
HFO,1019.7
MDO,0
MGO,0
HFO,989.6
MDO,0
MDOLS,0
MGOLS,92
LSFO,0
MDOLS,0
MGOLS,92
LSFO,0
MDO,0
MGO,0
HFO,960.9
LSFO,0
MDO,0
HFO,930.6
MDOLS,0
MGO,0
MGOLS,92
LSFO,0
MGOLS,92
MGO,0
HFO,900.4
MDOLS,0
MDO,0
HFO,871.5
MGOLS,92
MDO,0
MDOLS,0
MGO,0
LSFO,0
MDOLS,0
MDO,0
MGO,0
MGOLS,92
HFO,841.3
LSFO,0
HFO,811.3
MDOLS,0
MDO,0
MGO,0
LSFO,0
MGOLS,92
MGOLS,92
LSFO,0
MDOLS,0
MDO,0
HFO,781.1
MGO,0
MGO,0
MDO,0
LSFO,0
MGOLS,92
HFO,752.3
MDOLS,0
HFO,722.2
MGOLS,92
LSFO,0
MDO,0
MGO,0
MDOLS,0
HFO,692.2
LSFO,0
MDOLS,0
MGO,0
MGOLS,92
MDO,0
MGO,0
MGOLS,92
MDOLS,0
HFO,662.2
LSFO,0
MDO,0
LSFO,0
MGOLS,92
HFO,632.2
MGO,0
MDOLS,0
MDO,0
MGOLS,92
MDOLS,0
MDO,0
HFO,603.3
MGO,0
LSFO,0
MDOLS,0
LSFO,0
MDO,0
MGO,0
MGOLS,92
HFO,573.1
HFO,544.2
LSFO,0
MGO,0
MDOLS,0
MDO,0
MGOLS,92
MGO,0
MDOLS,0
MDO,0
LSFO,0
MGOLS,92
HFO,540.5
MDOLS,0
LSFO,0
MDO,0
MGO,0
HFO,538
MGOLS,92
MDO,0
LSFO,0
HFO,1085.8
MGOLS,187.6
MDOLS,0
MGO,0
LSFO,0
MGOLS,187.6
HFO,1076.6
MGO,0
MDO,0
MDOLS,0
MDO,0
MDOLS,0
MGO,0
LSFO,0
HFO,1046.8
MGOLS,187.6
HFO,1017
MGO,0
LSFO,0
MDOLS,0
MGOLS,187.6
MDO,0
MDOLS,0
MDO,0
LSFO,0
HFO,987
MGO,0
MGOLS,187.6
LSFO,0
MGOLS,187.6
MDOLS,0
MDO,0
HFO,957.3
MGO,0
MGOLS,182.1
MDOLS,0
MGO,0
MDO,0
LSFO,0
HFO,940.3
HFO,940.3
MDO,0
MGOLS,181.7
MGO,0
MDOLS,0
LSFO,0
MDOLS,0
MDO,0
MGO,0
HFO,940.3
MGOLS,181
LSFO,0
LSFO,0
MDOLS,0
MGO,0
HFO,940.3
MGOLS,175.5
MDO,0
HFO,940.3
MDOLS,0
LSFO,0
MDO,0
MGO,0
MGOLS,172.4
HFO,940.3
MGOLS,168.8
LSFO,0
MGO,0
MDOLS,0
MDO,0
MGOLS,167.6
LSFO,0
HFO,940.3
MDO,0
MGO,0
MDOLS,0
MGOLS,166.1
MDO,0
MDOLS,0
LSFO,0
MGO,0
HFO,940.3
HFO,925.7
LSFO,0
MDO,0
MGO,0
MDOLS,0
MGOLS,164.3
MDOLS,0
LSFO,0
MGO,0
MDO,0
HFO,895.5
MGOLS,164.3
MDOLS,0
MGO,0
MDO,0
MGOLS,164.3
HFO,865.3
LSFO,0
MDOLS,0
MGOLS,164.3
LSFO,0
HFO,839.5
MGO,0
MDO,0
MDO,0
MDOLS,0
MGOLS,164.3
LSFO,0
MGO,0
HFO,809.7
MDOLS,0
MDO,0
HFO,775.7
MGO,0
MGOLS,164.3
LSFO,0
MGO,0
MGOLS,164.3
HFO,745.9
LSFO,0
MDOLS,0
MDO,0
MDOLS,0
MDO,0
MGO,0
MGOLS,164.3
HFO,716.2
LSFO,0
HFO,687
MGOLS,164.3
MDOLS,0
LSFO,0
MDO,0
MGO,0
MGO,0
MDO,0
LSFO,0
MDOLS,0
MGOLS,164.3
HFO,656.9
MGO,0
MDOLS,0
HFO,638.6
MDO,0
MGOLS,164.3
LSFO,0
LSFO,0
HFO,638.1
MGO,0
MDOLS,0
MDO,0
MGOLS,164.3
MGO,0
MDO,0
LSFO,0
MDOLS,0
MGOLS,164.3
HFO,637
MGOLS,164.3
MDO,0
LSFO,0
MDOLS,0
MGO,0
HFO,633.3
HFO,628.5
MGO,0
LSFO,0
MDO,0
MDOLS,0
MGOLS,164.3
HFO,628.4
LSFO,0
MGOLS,164.3
MGO,0
MDO,0
MDOLS,0
MDO,0
MDOLS,0
HFO,622.8
LSFO,0
MGOLS,164.3
MGO,0
LSFO,0
MDO,0
HFO,621.8
MDOLS,0
MGO,0
MGOLS,164.3
MDOLS,0
MGOLS,164.3
MGO,0
LSFO,0
HFO,618
MDO,0
MGO,0
LSFO,0
MDOLS,0
HFO,598.9
MDO,0
MGOLS,164.3
MGOLS,164.3
LSFO,0
MDO,0
HFO,569.1
MGO,0
MDOLS,0
MDOLS,0
MGO,0
MDO,0
MGOLS,164.3
HFO,539.3
LSFO,0
LSFO,0
MDOLS,0
MGOLS,164.3
MDO,0
HFO,509.6
MGO,0
MGOLS,164.3
HFO,479.7
LSFO,0
MDOLS,0
MDO,0
MGO,0
MDOLS,0
MDO,0
HFO,449.7
MGOLS,164.3
LSFO,0
MGO,0
HFO,419.5
MDO,0
MGO,0
MDOLS,0
LSFO,0
MGOLS,164.3
HFO,401.1
MDO,0
MGOLS,164.3
LSFO,0
MGO,0
MDOLS,0
MGO,0
HFO,385.9
MGOLS,164.3
MDOLS,0
MDO,0
LSFO,0
LSFO,0
MGO,0
MDO,0
MDOLS,0
HFO,365.9
MGOLS,164.3
MGO,0
MDOLS,0
HFO,343
LSFO,0
MGOLS,164.3
MDO,0
MDO,0
MDOLS,0
HFO,312.8
MGOLS,164.3
MGO,0
LSFO,0
HFO,282.6
MGOLS,164.3
MDO,0
MDOLS,0
LSFO,0
MGO,0
MDOLS,0
MDO,0
LSFO,0
MGO,0
HFO,252.8
MGOLS,164.3
MGOLS,158.3
LSFO,0
MDO,0
MGO,0
HFO,230.8
MDOLS,0
MDO,0
LSFO,0
HFO,230.8
MGO,0
MDOLS,0
MGOLS,136.3
HFO,230.8
MDOLS,0
LSFO,0
MGOLS,132.5
MGO,0
MDO,0
LSFO,0
MDOLS,0
MDO,0
MGOLS,129.5
HFO,230.8
MGO,0
HFO,230.8
MGO,0
MGOLS,129.5
LSFO,0
MDOLS,0
MDO,0
MDOLS,0
MGOLS,125.9
MGO,0
MDO,0
HFO,230.8
LSFO,0
MGOLS,125.6
MDO,0
HFO,230.8
MDOLS,0
MGO,0
LSFO,0
MGO,0
LSFO,0
MGOLS,124.3
HFO,230.8
MDO,0
MDOLS,0
LSFO,0
HFO,229.3
MDO,0
MGO,0
MGOLS,100.7
MDOLS,0
MDOLS,0
LSFO,0
HFO,202.1
MDO,0
MGOLS,100.7
MGO,0
LSFO,0
HFO,173.3
MGOLS,100.7
MDO,0
MDOLS,0
MGO,0
HFO,143.6
MDO,0
MGO,0
MGOLS,100.7
MDOLS,0
LSFO,0
MGO,0
MGOLS,100.7
HFO,130.4
MDOLS,0
LSFO,0
MDO,0
HFO,129.3
LSFO,0
MGO,0
MDO,0
MGOLS,100.7
MDOLS,0
HFO,126
MDOLS,0
MGO,0
MGOLS,98.5
MDO,0
LSFO,0
MGOLS,98.5
MDOLS,0
MDO,0
HFO,119.8
MGO,0
LSFO,0
MGOLS,98.5
LSFO,0
MGO,0
HFO,116.5
MDO,0
MDOLS,0
MGOLS,98.5
MGO,0
HFO,113.2
MDO,0
MDOLS,0
LSFO,0
LSFO,0
MGOLS,98.5
MGO,0
MDO,0
MDOLS,0
HFO,110
HFO,106.8
MDOLS,0
LSFO,0
MGOLS,98.5
MDO,0
MGO,0
MGOLS,98.5
MDOLS,0
MDO,0
MGO,0
LSFO,0
HFO,103.6
MGO,0
MDO,0
LSFO,0
HFO,100.4
MGOLS,98.5
MDOLS,0
MGO,0
MGOLS,98.5
LSFO,0
MDOLS,0
MDO,0
HFO,97.2
LSFO,0
MGO,0
MDOLS,0
MGOLS,428.4
HFO,1191.1
MDO,0
MDO,0
MGOLS,428.4
HFO,1185.7
MGO,0
MDOLS,0
LSFO,0
MGO,0
MDOLS,0
LSFO,0
MDO,0
HFO,1181.1
MGOLS,428.4
HFO,1180.8
LSFO,0
MGOLS,428.4
MDOLS,0
MDO,0
MGO,0
HFO,1176.8
MGOLS,428.4
MDOLS,0
LSFO,0
MDO,0
MGO,0
HFO,1162.4
MGO,0
MGOLS,428.4
LSFO,0
MDO,0
MDOLS,0
MGO,0
MGOLS,428.4
HFO,1131
LSFO,0
MDOLS,0
MDO,0
MGO,0
MDOLS,0
HFO,1129.7
MGOLS,428.4
MDO,0
LSFO,0
LSFO,0
HFO,1129.2
MDO,0
MGO,0
MDOLS,0
MGOLS,428.4
LSFO,0
HFO,1125.5
MDOLS,0
MDO,0
MGO,0
MGOLS,428.4
MDOLS,0
MGO,0
LSFO,0
MDO,0
HFO,1120.9
MGOLS,428.4
MDOLS,0
MGO,0
LSFO,0
MDO,0
HFO,1120.3
MGOLS,428.4
MGOLS,428.4
HFO,1116.3
MDO,0
MGO,0
LSFO,0
MDOLS,0
MGO,0
MGOLS,428.4
MDO,0
MDOLS,0
HFO,1115.3
LSFO,0
HFO,1086.3
LSFO,0
MGOLS,428.4
MDOLS,0
MGO,0
MDO,0
MGO,0
MGOLS,428.4
HFO,1056.5
MDOLS,0
MDO,0
LSFO,0
MDOLS,0
MGOLS,428.4
MDO,0
LSFO,0
MGO,0
HFO,1033.3
MDO,0
HFO,1028.6
MDOLS,0
MGOLS,428.4
LSFO,0
MGO,0
MDOLS,0
MDO,0
LSFO,0
MGO,0
MGOLS,428.4
HFO,1025.1
HFO,1021.1
MDO,0
MDOLS,0
MGOLS,428.4
LSFO,0
MGO,0
MGO,0
MGOLS,428.4
MDO,0
LSFO,0
MDOLS,0
HFO,1018.8
MDOLS,0
MGO,0
LSFO,0
HFO,1015.2
MDO,0
MGOLS,428.4
MGO,0
HFO,1012
MDOLS,0
MGOLS,428.4
LSFO,0
MDO,0
MGOLS,428.4
MDOLS,0
MGO,0
HFO,1009.4
LSFO,0
MDO,0
LSFO,0
MGOLS,428.4
HFO,1008.3
MGO,0
MDO,0
MDOLS,0
MGO,0
LSFO,0
MGOLS,428.4
MDO,0
HFO,1004.3
MDOLS,0
MDO,0
LSFO,0
MGOLS,428.4
HFO,998.5
MDOLS,0
MGO,0
HFO,998.1
MGOLS,428.4
LSFO,0
MGO,0
MDO,0
MDOLS,0
MGO,0
MGOLS,428.4
LSFO,0
MDO,0
MDOLS,0
HFO,968
MGO,0
LSFO,0
MGOLS,428.4
MDO,0
MDOLS,0
HFO,937.8
MDO,0
MGOLS,428.4
LSFO,0
MGO,0
HFO,907.8
MDOLS,0
MGO,0
LSFO,0
MDOLS,0
MDO,0
HFO,877.6
MGOLS,428.4
MGO,0
LSFO,0
MGOLS,428.4
MDO,0
HFO,848.4
MDOLS,0
LSFO,0
MDOLS,0
HFO,818.2
MGO,0
MDO,0
MGOLS,428.4
MGOLS,428.4
MDO,0
MDOLS,0
MGO,0
LSFO,0
HFO,788.1
MGO,0
MDO,0
MDOLS,0
MGOLS,428.4
HFO,757.9
LSFO,0
MDOLS,0
LSFO,0
MDO,0
MGOLS,428.4
MGO,0
HFO,727.7
MGOLS,428.4
HFO,697.7
MGO,0
LSFO,0
MDOLS,0
MDO,0
MGOLS,428.4
LSFO,0
MGO,0
MDOLS,0
HFO,668.1
MDO,0
HFO,641.9
MGO,0
MGOLS,428.4
MDOLS,0
MDO,0
LSFO,0
MDOLS,0
HFO,634.7
LSFO,0
MDO,0
MGOLS,428.4
MGO,0
MDO,0
MDOLS,0
MGO,0
HFO,631.6
MGOLS,428.4
LSFO,0
MGOLS,428.4
HFO,630.5
MDOLS,0
MDO,0
LSFO,0
MGO,0
MGOLS,428.4
MGO,0
HFO,629.5
MDO,0
LSFO,0
MDOLS,0
MDO,0
MDOLS,0
LSFO,0
MGO,0
HFO,610.5
MGOLS,428.4
MDO,0
MGO,0
MGOLS,428.4
MDOLS,0
LSFO,0
HFO,581.5
MGO,0
MDO,0
HFO,552.4
MGOLS,428.4
MDOLS,0
LSFO,0
MGOLS,428.4
HFO,522.6
MGO,0
MDO,0
LSFO,0
MDOLS,0
MDOLS,0
LSFO,0
MGOLS,428.4
MGO,0
HFO,492.7
MDO,0
MDO,0
HFO,463
MGOLS,428.4
LSFO,0
MDOLS,0
MGO,0
MGO,0
LSFO,0
MDO,0
MGOLS,428.4
MDOLS,0
HFO,433.5
MDOLS,0
MGOLS,428.4
MGO,0
HFO,404
MDO,0
LSFO,0
MGO,0
MDO,0
MGOLS,428.4
MDOLS,0
HFO,375
LSFO,0
LSFO,0
MDOLS,0
MGO,0
HFO,345.8
MDO,0
MGOLS,428.4
HFO,316.1
LSFO,0
MDO,0
MGOLS,428.4
MDOLS,0
MGO,0
MDO,0
MGO,0
MDOLS,0
LSFO,0
HFO,286.9
MGOLS,428.4
LSFO,0
MGO,0
MDO,0
MGOLS,428.4
HFO,256.2
MDOLS,0
MDO,0
LSFO,0
MDOLS,0
MGOLS,428.4
MGO,0
HFO,227
MGO,0
HFO,202.7
MDOLS,0
LSFO,0
MGOLS,424.4
MDO,0
MDOLS,0
LSFO,0
MDO,0
HFO,202.7
MGOLS,398
MGO,0
LSFO,0
HFO,202.7
MDO,0
MGOLS,397.4
MDOLS,0
MGO,0
MDOLS,0
MGOLS,393
LSFO,0
MGO,0
HFO,202.7
MDO,0
MGO,0
MGOLS,389.4
MDO,0
MDOLS,0
LSFO,0
HFO,202.7
LSFO,0
HFO,202.7
MGO,0
MDO,0
MGOLS,385.6
MDOLS,0
VLSFO,0
MGO,0
MDOLS,0
MDO,0
MGOLS,381.9
LSFO,0
HFO,202.7
LSFO,0
MDO,0
MDOLS,0
MGOLS,378.4
HFO,202.7
VLSFO,0
MGO,0
VLSFO,0
MDOLS,0
HFO,202.7
MGOLS,374.9
LSFO,0
MGO,0
MDO,0
MDO,0
MGO,0
MGOLS,371.2
LSFO,0
MDOLS,0
HFO,202.7
VLSFO,0
LSFO,0
MDOLS,0
MGOLS,367.5
MGO,0
MDO,0
HFO,202.7
VLSFO,0
MGO,0
HFO,202.7
VLSFO,0
MDO,0
MGOLS,364
MDOLS,0
LSFO,0
MGOLS,360.6
LSFO,0
HFO,202.7
MGO,0
VLSFO,0
MDO,0
MDOLS,0
MDOLS,0
MGO,0
MGOLS,357.3
MDO,0
VLSFO,0
LSFO,0
HFO,202.7
MDO,0
VLSFO,0
MGO,0
MGOLS,354.2
LSFO,0
HFO,202.7
MDOLS,0
MDOLS,0
HFO,202.7
MDO,0
MGOLS,351
LSFO,0
MGO,0
VLSFO,0
MDO,0
LSFO,0
MDOLS,0
MGO,0
VLSFO,0
HFO,202.7
MGOLS,347.9
VLSFO,0
MDO,0
MDOLS,0
LSFO,0
HFO,202.7
MGO,0
MGOLS,344.9
MDOLS,0
MGO,0
HFO,202.7
VLSFO,0
LSFO,0
MDO,0
MGOLS,341.8
VLSFO,0
MDO,0
MGOLS,338.7
HFO,202.7
MGO,0
MDOLS,0
LSFO,0
VLSFO,0
MGO,0
MDO,0
HFO,202.7
MDOLS,0
LSFO,0
MGOLS,334.3
HFO,202.7
MGOLS,333.4
VLSFO,0
MDOLS,0
MGO,0
LSFO,0
MDO,0
VLSFO,0
LSFO,0
MGO,0
HFO,202.7
MDO,0
MDOLS,0
MGOLS,330
MGO,0
LSFO,0
HFO,202.7
VLSFO,0
MGOLS,325.1
MDO,0
MDOLS,0
MDO,0
MDOLS,0
MGOLS,320.2
HFO,202.6
MGO,0
LSFO,0
VLSFO,0
MDOLS,0
VLSFO,0
MGO,0
HFO,202.7
MGOLS,315.9
LSFO,0
MDO,0
MGO,0
LSFO,0
MGOLS,315.6
VLSFO,0
MDO,0
HFO,202.7
MDOLS,0
VLSFO,0
MGOLS,315
MGO,0
MDOLS,0
LSFO,0
MDO,0
HFO,202.7
HFO,202.7
MGOLS,293.4
VLSFO,0
MGO,0
MDO,0
LSFO,0
MDOLS,0
MGO,0
HFO,202.7
MDOLS,0
MGOLS,277.5
LSFO,0
MDO,0
VLSFO,0
MGO,0
LSFO,0
HFO,202.7
MDO,0
VLSFO,0
MDOLS,0
MGOLS,269.2
HFO,202.6
LSFO,0
VLSFO,0
MDO,0
MDOLS,0
MGO,0
MGOLS,268.9
LSFO,0
MGOLS,264.8
MDOLS,0
MGO,0
MDO,0
VLSFO,0
HFO,202.7
VLSFO,0
LSFO,0
MDO,0
HFO,202.7
MGO,0
MDOLS,0
MGOLS,261.6
MGO,0
LSFO,0
MGOLS,260.4
MDOLS,0
MDO,0
HFO,202.7
VLSFO,0
MDOLS,0
MGO,0
LSFO,0
HFO,202.7
MDO,0
VLSFO,0
MGOLS,257.6
MGOLS,256.3
VLSFO,0
MGO,0
LSFO,0
MDOLS,0
HFO,180.3
MDO,0
HFO,166.6
MGOLS,256.3
MDOLS,0
VLSFO,0
MGO,0
MDO,0
LSFO,0
VLSFO,0
MGOLS,256.3
MDOLS,0
HFO,149.8
MGO,0
LSFO,0
MDO,0
VLSFO,0
LSFO,0
MDOLS,0
MDO,0
MGO,0
HFO,149
MGOLS,256.3
MDO,0
MGO,0
HFO,306.3
MDOLS,0
VLSFO,650
LSFO,0
MGOLS,258.4
VLSFO,650
MDO,0
LSFO,0
MGO,0
MDOLS,0
MGOLS,258.4
HFO,305.4
HFO,281.2
MDOLS,0
MGOLS,258.4
LSFO,0
MDO,0
VLSFO,650
MGO,0
VLSFO,650
HFO,253.2
MDO,0
MGO,0
LSFO,0
MGOLS,258.4
MDOLS,0
HFO,249.1
MGOLS,258.4
MDO,0
MDOLS,0
MGO,0
VLSFO,650
LSFO,0
MDO,0
MGO,0
MDOLS,0
MGOLS,258.4
HFO,246.9
LSFO,0
VLSFO,650
HFO,246.3
VLSFO,650
LSFO,0
MDO,0
MGO,0
MDOLS,0
MGOLS,258.4
HFO,245.4
MGO,0
VLSFO,650
MDO,0
MDOLS,0
MGOLS,258.4
LSFO,0
VLSFO,650
MDOLS,0
MDO,0
LSFO,0
MGO,0
MGOLS,258.4
HFO,240.1
LSFO,0
VLSFO,650
MDOLS,0
MDO,0
MGOLS,258.4
HFO,237
MGO,0
MDOLS,0
HFO,236.4
VLSFO,650
LSFO,0
MDO,0
MGOLS,258.4
MGO,0
LSFO,0
VLSFO,650
MGOLS,258.4
HFO,231.1
MDO,0
MDOLS,0
MGO,0
VLSFO,650
MDOLS,0
MGO,0
HFO,201.1
LSFO,0
MDO,0
MGOLS,258.4
HFO,171.6
MDO,0
MGOLS,258.4
VLSFO,650
MDOLS,0
MGO,0
LSFO,0
MDOLS,0
MDO,0
LSFO,0
MGOLS,258.4
HFO,141.6
VLSFO,650
MGO,0
HFO,112.1
MDO,0
MDOLS,0
MGO,0
VLSFO,650
MGOLS,258.4
LSFO,0
MDO,0
MDOLS,0
HFO,82.1
LSFO,0
MGOLS,258.4
MGO,0
VLSFO,650
VLSFO,650
MGO,0
MGOLS,258.4
MDOLS,0
LSFO,0
HFO,52.7
MDO,0
VLSFO,650
LSFO,0
MDO,0
MGOLS,258.4
HFO,22.7
MGO,0
MDOLS,0
MDO,0
MGOLS,258.4
HFO,5.7
MDOLS,0
VLSFO,635.5
MGO,0
LSFO,0
MDO,0
MGOLS,258.4
HFO,5.7
LSFO,0
MGO,0
MDOLS,0
VLSFO,607.5
LSFO,0
VLSFO,577.6
MDOLS,0
HFO,5.7
MGOLS,258.4
MGO,0
MDO,0
HFO,5.7
VLSFO,553.2
MDOLS,0
MGO,0
LSFO,0
MGOLS,258.4
MDO,0
MGOLS,258.4
LSFO,0
VLSFO,523.4
MGO,0
HFO,5.7
MDOLS,0
MDO,0
HFO,5.7
MDO,0
VLSFO,494.4
MDOLS,0
LSFO,0
MGOLS,258.4
MGO,0
MGOLS,258.4
LSFO,0
MGO,0
MDOLS,0
MDO,0
HFO,5.7
VLSFO,464.6
MGOLS,258.4
VLSFO,436.6
LSFO,0
MGO,0
MDO,0
HFO,5.7
MDOLS,0
MDO,0
MDOLS,0
LSFO,0
MGOLS,258.4
MGO,0
HFO,5.7
VLSFO,409.3
